Time,Air Temperature Primary (°C),Air Temperature Primary (F),Relative Humidity (%),Atmospheric Pressure (kPa),Vapor Pressure (kPa),Rain Bucket Capacity (mL),Rain Bucket Tips per Minute,Calculated Fallen Rain (mm),Calculated Fallen Rain (in),Wind Speed (m/s),Wind Speed (mph),Wind Direction (°),Wind Gust (m/s),Wind Gust (mph),North Wind Speed (m/s),North Wind Speed (mph),East Wind Speed (m/s),East Wind Speed (mph),Air Temperature Secondary (°C),Air Temperature Secondary (F),Calibrated Counts VWC 1,Soil Moisture 1 (VWC),Electrical Conductivity 1 (dS/m),Soil Temperature 1 (°C),Soil Temperature 1 (F),Calibrated Counts VWC 2,Soil Moisture 2 (VWC),Electrical Conductivity 2 (dS/m),Soil Temperature 2 (°C),Soil Temperature 2 (F),Latitude,Longitude,X Orientation,Y Orientation
2023-07-28T13:49:29.000Z,37.6,99.68,44,99.8,2.88,5,0,0,0,2.13,4.76,180.6,5.48,12.26,-2.13,-4.76,-0.02,-0.04,36.9,98.42,2217.67,16.46,85,32.1,89.78,2139.51,13.43,34,28.9,84.02,38.8478275,-90.45753515624997,-3.7,0.1
2023-07-28T14:04:29.000Z,37.8,100.04,43,99.78,2.78,5,0,0,0,2.13,4.76,178.9,4.59,10.27,-2.13,-4.76,0.04,0.09,37,98.6,2218.37,16.49,85,32.3,90.14,2139.94,13.45,34,29,84.2,38.8478275,-90.45753515624997,-3.6,0.3
2023-07-28T14:19:29.000Z,37.7,99.86,42,99.75,2.76,5,0,0,0,2.24,5.01,171.2,5.46,12.21,-2.21,-4.94,0.34,0.76,37,98.6,2219.49,16.53,86,32.5,90.5,2140.21,13.46,35,29,84.2,38.8478275,-90.45753515624997,-3.9,0
2023-07-28T14:25:51.671Z,27.94,82.3,73,100.02,2.64,5,0.73,0.18,0.01,1.68,3.77,227.65,3.43,7.67,0.07,0.16,-0.67,-1.49,28.13,82.63,2378.7,22.71,132.04,30.67,87.2,2354.38,21.77,106.86,29.31,84.76,38.84785400259082,-90.45753139167729,-3.66,0.29
2023-07-28T14:34:29.000Z,38,100.4,41,99.74,2.7,5,0,0,0,2.46,5.5,189.5,5.45,12.19,-2.42,-5.41,-0.41,-0.92,37.2,98.96,2218.4,16.49,86,32.7,90.86,2139.01,13.41,33,29,84.2,38.8478275,-90.45753515624997,-3.8,0.3
2023-07-28T14:49:29.000Z,37.8,100.04,43,99.73,2.79,5,0,0,0,2.21,4.94,185.2,6.18,13.82,-2.2,-4.92,-0.2,-0.45,37.3,99.14,2218.17,16.48,86,32.9,91.22,2139.59,13.43,34,29.1,84.38,38.8478275,-90.45753515624997,-3.4,0.2
2023-07-28T15:04:29.000Z,37.5,99.5,43,99.73,2.75,5,0,0,0,2.31,5.17,198.9,5.63,12.59,-2.19,-4.9,-0.75,-1.68,37.3,99.14,2217.91,16.47,85,33.1,91.58,2138.82,13.4,34,29.1,84.38,38.8478275,-90.45753515624997,-3.7,0.4
2023-07-28T15:19:29.000Z,37.5,99.5,44,99.73,2.83,5,0,0,0,2.37,5.3,186.6,4.75,10.63,-2.35,-5.26,-0.27,-0.6,37.2,98.96,2218.87,16.51,86,33.2,91.76,2138.22,13.38,34,29.1,84.38,38.8478275,-90.45753515624997,-3.9,0.5
2023-07-28T15:34:29.000Z,37.2,98.96,44,99.73,2.81,5,0,0,0,2.39,5.35,189.3,5.35,11.97,-2.36,-5.28,-0.39,-0.87,37,98.6,2219.56,16.54,87,33.4,92.12,2138.28,13.38,34,29.2,84.56,38.8478275,-90.45753515624997,-4.1,1
2023-07-28T15:49:29.000Z,36.8,98.24,47,99.73,2.9,5,0,0,0,2.66,5.95,187.7,6.27,14.03,-2.63,-5.88,-0.36,-0.81,36.8,98.24,2218.6,16.5,86,33.5,92.3,2139.57,13.43,34,29.2,84.56,38.8478275,-90.45753515624997,-3.7,0.4
2023-07-28T16:04:29.000Z,37,98.6,45,99.72,2.8,5,0,0,0,2.24,5.01,194.9,6.18,13.82,-2.16,-4.83,-0.58,-1.3,36.8,98.24,2216.62,16.42,87,33.7,92.66,2138.92,13.41,35,29.3,84.74,38.8478275,-90.45753515624997,-3.8,0.2
2023-07-28T16:19:29.000Z,36.7,98.06,45,99.72,2.8,5,0,0,0,2.29,5.12,188.7,6.31,14.12,-2.26,-5.06,-0.35,-0.78,36.5,97.7,2217.3,16.45,87,33.8,92.84,2138.61,13.4,34,29.3,84.74,38.8478275,-90.45753515624997,-3.8,0.2
2023-07-28T16:34:29.000Z,36.5,97.7,47,99.72,2.86,5,0,0,0,2.06,4.61,209.4,3.92,8.77,-1.8,-4.03,-1.01,-2.26,36.6,97.88,2218.21,16.48,87,34,93.2,2138.77,13.4,34,29.4,84.92,38.8478275,-90.45753515624997,-3.7,0.3
2023-07-28T16:49:29.000Z,36.2,97.16,46,99.72,2.75,5,0,0,0,2.07,4.63,204,4.39,9.82,-1.89,-4.23,-0.84,-1.88,36.5,97.7,2216.68,16.43,87,34.1,93.38,2137.95,13.37,35,29.4,84.92,38.8478275,-90.45753515624997,-3.9,0.2
2023-07-28T17:04:29.000Z,36.3,97.34,46,99.72,2.76,5,0,0,0,1.81,4.05,210,4.24,9.48,-1.56,-3.49,-0.9,-2.01,36.5,97.7,2216.71,16.43,87,34.2,93.56,2139.53,13.43,34,29.5,85.1,38.8478275,-90.45753515624997,-3.7,0.1
2023-07-28T17:19:29.000Z,35.8,96.44,46,99.72,2.67,5,0,0,0,2.13,4.76,193.4,5.44,12.17,-2.07,-4.63,-0.49,-1.1,36,96.8,2216.11,16.4,87,34.3,93.74,2139.08,13.41,34,29.6,85.28,38.8478275,-90.45753515624997,-4.2,0.1
2023-07-28T17:25:51.756Z,27.94,82.3,73,100.02,2.64,5,0.73,0.18,0.01,1.68,3.77,227.65,3.43,7.67,0.07,0.16,-0.67,-1.49,28.13,82.63,2378.7,22.71,132.04,30.67,87.2,2354.38,21.77,106.86,29.31,84.76,38.84785400259082,-90.45753139167729,-3.66,0.29
2023-07-28T17:34:29.000Z,35.5,95.9,47,99.72,2.7,5,0,0,0,2.16,4.83,185,5.32,11.9,-2.15,-4.81,-0.19,-0.43,35.7,96.26,2217.68,16.46,87,34.4,93.92,2138.09,13.38,34,29.6,85.28,38.8478275,-90.45753515624997,-3.8,0.2
2023-07-28T17:49:29.000Z,35.1,95.18,48,99.72,2.72,5,0,0,0,2.14,4.79,191.3,4.86,10.87,-2.1,-4.7,-0.42,-0.94,35.5,95.9,2217.42,16.45,87,34.4,93.92,2138.17,13.38,34,29.7,85.46,38.8478275,-90.45753515624997,-3.9,0.2
2023-07-28T18:04:29.000Z,34.8,94.64,49,99.73,2.74,5,0,0,0,2.01,4.5,196.5,4.86,10.87,-1.93,-4.32,-0.57,-1.28,35.2,95.36,2217.49,16.46,87,34.5,94.1,2138.79,13.4,35,29.7,85.46,38.8478275,-90.45753515624997,-3.7,0
2023-07-28T18:19:29.000Z,34.5,94.1,49,99.74,2.7,5,0,0,0,1.75,3.91,196.8,3.64,8.14,-1.68,-3.76,-0.51,-1.14,34.9,94.82,2216.08,16.4,87,34.5,94.1,2139.63,13.44,35,29.8,85.64,38.8478275,-90.45753515624997,-3.3,0.2
2023-07-28T18:34:29.000Z,34.1,93.38,50,99.73,2.68,5,0,0,0,1.65,3.69,199.9,4.42,9.89,-1.56,-3.49,-0.56,-1.25,34.6,94.28,2217.75,16.47,88,34.6,94.28,2138.72,13.4,35,29.9,85.82,38.8478275,-90.45753515624997,-3.8,0.3
2023-07-28T18:49:29.000Z,33.7,92.66,51,99.74,2.67,5,0,0,0,1.49,3.33,195.5,3.68,8.23,-1.43,-3.2,-0.4,-0.89,34.2,93.56,2217.04,16.44,87,34.6,94.28,2138.64,13.4,34,29.9,85.82,38.8478275,-90.45753515624997,-3.3,0.2
2023-07-28T19:04:29.000Z,33.4,92.12,51,99.73,2.65,5,0,0,0,1.44,3.22,192.9,3.84,8.59,-1.4,-3.13,-0.32,-0.72,33.9,93.02,2216.46,16.42,87,34.6,94.28,2139.01,13.41,35,30,86,38.8478275,-90.45753515624997,-3.9,0.1
2023-07-28T19:19:29.000Z,33,91.4,52,99.73,2.62,5,0,0,0,1.15,2.57,188.5,2.86,6.4,-1.14,-2.55,-0.17,-0.38,33.5,92.3,2216.88,16.43,87,34.6,94.28,2138.85,13.41,34,30,86,38.8478275,-90.45753515624997,-3.7,0.2
2023-07-28T19:34:29.000Z,32.6,90.68,53,99.74,2.62,5,0,0,0,1.08,2.42,197.1,2.85,6.38,-1.04,-2.33,-0.32,-0.72,33.1,91.58,2215.25,16.37,87,34.5,94.1,2139.27,13.42,35,30.1,86.18,38.8478275,-90.45753515624997,-3.5,0.4
2023-07-28T19:49:29.000Z,32.4,90.32,54,99.74,2.62,5,0,0,0,1.1,2.46,190,2.23,4.99,-1.09,-2.44,-0.19,-0.43,32.8,91.04,2216.47,16.42,87,34.5,94.1,2139.09,13.42,35,30.1,86.18,38.8478275,-90.45753515624997,-3.7,0.1
2023-07-28T20:04:29.000Z,32.2,89.96,54,99.73,2.61,5,0,0,0,1.49,3.33,185.4,3.9,8.72,-1.49,-3.33,-0.14,-0.31,32.6,90.68,2216.09,16.4,87,34.5,94.1,2138.89,13.41,35,30.2,86.36,38.8478275,-90.45753515624997,-3.5,0.4
2023-07-28T20:19:29.000Z,32.1,89.78,55,99.73,2.62,5,0,0,0,1.44,3.22,192.4,3.28,7.34,-1.41,-3.15,-0.31,-0.69,32.4,90.32,2216.3,16.41,87,34.4,93.92,2139.27,13.42,35,30.2,86.36,38.8478275,-90.45753515624997,-3.8,0.3
2023-07-28T20:25:51.728Z,27.94,82.3,73,100.02,2.64,5,0.73,0.18,0.01,1.68,3.77,227.65,3.43,7.67,0.07,0.16,-0.67,-1.49,28.13,82.63,2378.7,22.71,132.04,30.67,87.2,2354.38,21.77,106.86,29.31,84.76,38.84785400259082,-90.45753139167729,-3.66,0.29
2023-07-28T20:34:29.000Z,32,89.6,55,99.72,2.6,5,0,0,0,1.62,3.62,195.2,3.25,7.27,-1.56,-3.49,-0.43,-0.96,32.3,90.14,2214.69,16.35,87,34.4,93.92,2139.92,13.45,35,30.3,86.54,38.8478275,-90.45753515624997,-3.8,0.5
2023-07-28T20:49:29.000Z,31.8,89.24,55,99.75,2.59,5,0,0,0,1.62,3.62,191,3.69,8.25,-1.59,-3.56,-0.31,-0.69,32.2,89.96,2216.08,16.4,86,34.3,93.74,2139.33,13.42,35,30.3,86.54,38.8478275,-90.45753515624997,-3.7,0.2
2023-07-28T21:04:29.000Z,31.5,88.7,56,99.78,2.6,5,0,0,0,1.2,2.68,192.9,3.71,8.3,-1.17,-2.62,-0.27,-0.6,31.9,89.42,2216.85,16.43,85,34.2,93.56,2138.5,13.39,35,30.3,86.54,38.8478275,-90.45753515624997,-3.7,0.4
2023-07-28T21:19:29.000Z,31.3,88.34,57,99.72,2.59,5,0,0,0,1.24,2.77,206.7,2.5,5.59,-1.11,-2.48,-0.56,-1.25,31.6,88.88,2213.91,16.32,87,34.2,93.56,2139.37,13.43,35,30.4,86.72,38.8478275,-90.45753515624997,-3.6,0.1
2023-07-28T21:34:29.000Z,31.5,88.7,56,99.75,2.61,5,0,0,0,1.65,3.69,197.8,4.49,10.04,-1.57,-3.51,-0.51,-1.14,31.7,89.06,2215.54,16.38,87,34.1,93.38,2140.1,13.45,35,30.4,86.72,38.8478275,-90.45753515624997,-3.7,0.4
2023-07-28T21:49:29.000Z,31.5,88.7,57,99.78,2.63,5,0,0,0,1.65,3.69,211.1,3.15,7.05,-1.42,-3.18,-0.85,-1.9,31.8,89.24,2216.16,16.4,87,34,93.2,2139.49,13.43,35,30.4,86.72,38.8478275,-90.45753515624997,-3.8,0.3
2023-07-28T22:04:29.000Z,32,89.6,54,99.81,2.59,5,0,0,0,2.64,5.91,214.6,5.44,12.17,-2.17,-4.85,-1.5,-3.36,32.1,89.78,2215.75,16.39,87,33.9,93.02,2139.71,13.44,35,30.5,86.9,38.8478275,-90.45753515624997,-3,0.6
2023-07-28T22:19:29.000Z,31.9,89.42,56,99.83,2.62,5,0,0,0,3.08,6.89,214.2,6.6,14.76,-2.55,-5.7,-1.73,-3.87,32.2,89.96,2213.83,16.31,86,33.8,92.84,2139.9,13.45,35,30.5,86.9,38.8478275,-90.45753515624997,-3.6,0.2
2023-07-28T22:34:29.000Z,31.5,88.7,56,99.84,2.6,5,0,0,0,2.52,5.64,216.6,4.48,10.02,-2.03,-4.54,-1.51,-3.38,31.9,89.42,2214.93,16.36,87,33.7,92.66,2139.61,13.44,35,30.5,86.9,38.8478275,-90.45753515624997,-4.2,0.2
2023-07-28T22:49:29.000Z,31.2,88.16,57,99.83,2.59,5,0,0,0,2.93,6.55,215.4,6.51,14.56,-2.39,-5.35,-1.7,-3.8,31.7,89.06,2214.88,16.36,85,33.6,92.48,2139.41,13.43,35,30.5,86.9,38.8478275,-90.45753515624997,-3,0.6
2023-07-28T23:04:29.000Z,31,87.8,58,99.85,2.61,5,0,0,0,2.43,5.44,215.7,4.27,9.55,-1.97,-4.41,-1.42,-3.18,31.5,88.7,2213.81,16.31,86,33.5,92.3,2139.52,13.43,35,30.5,86.9,38.8478275,-90.45753515624997,-3.7,0.4
2023-07-28T23:19:29.000Z,30.9,87.62,57,99.85,2.57,5,0,0,0,2.35,5.26,214.9,4.36,9.75,-1.93,-4.32,-1.35,-3.02,31.3,88.34,2214.09,16.32,86,33.4,92.12,2140.69,13.48,35,30.5,86.9,38.8478275,-90.45753515624997,-3.9,0.2
2023-07-28T23:25:51.781Z,27.94,82.3,73,100.02,2.64,5,0.73,0.18,0.01,1.68,3.77,227.65,3.43,7.67,0.07,0.16,-0.67,-1.49,28.13,82.63,2378.7,22.71,132.04,30.67,87.2,2354.38,21.77,106.86,29.31,84.76,38.84785400259082,-90.45753139167729,-3.66,0.29
2023-07-28T23:34:29.000Z,30.7,87.26,58,99.83,2.57,5,0,0,0,2.22,4.97,218.8,4.09,9.15,-1.73,-3.87,-1.39,-3.11,31.1,87.98,2214.56,16.34,85,33.3,91.94,2140.08,13.45,35,30.5,86.9,38.8478275,-90.45753515624997,-3.9,0.2
2023-07-28T23:49:29.000Z,30.9,87.62,57,99.83,2.55,5,0,0,0,2.66,5.95,215.5,4.91,10.98,-2.17,-4.85,-1.55,-3.47,31.2,88.16,2215.43,16.38,86,33.3,91.94,2139.14,13.42,35,30.6,87.08,38.8478275,-90.45753515624997,-3.9,0.2
2023-07-29T00:04:29.000Z,30.6,87.08,58,99.81,2.53,5,0,0,0,2.14,4.79,215,3.67,8.21,-1.75,-3.91,-1.23,-2.75,31,87.8,2215.12,16.36,86,33.2,91.76,2139.13,13.42,35,30.6,87.08,38.8478275,-90.45753515624997,-3.8,0.2
2023-07-29T00:19:29.000Z,30.2,86.36,59,99.78,2.54,5,0,0,0,1.69,3.78,212.5,3.02,6.76,-1.42,-3.18,-0.91,-2.04,30.6,87.08,2215.22,16.37,86,33.1,91.58,2139.95,13.45,35,30.6,87.08,38.8478275,-90.45753515624997,-3.8,0.4
2023-07-29T00:34:29.000Z,30.2,86.36,60,99.8,2.56,5,0,0,0,1.68,3.76,215.7,2.79,6.24,-1.37,-3.06,-0.98,-2.19,30.5,86.9,2214.34,16.33,86,33,91.4,2139.06,13.41,35,30.6,87.08,38.8478275,-90.45753515624997,-3.6,0.2
2023-07-29T00:49:29.000Z,30,86,61,99.79,2.57,5,0,0,0,1.58,3.53,218.2,3.03,6.78,-1.24,-2.77,-0.98,-2.19,30.3,86.54,2213.68,16.31,85,32.9,91.22,2138.85,13.41,35,30.6,87.08,38.8478275,-90.45753515624997,-3.7,0.4
2023-07-29T01:04:29.000Z,29.7,85.46,62,99.79,2.57,5,0,0,0,1.21,2.71,221.7,2.64,5.91,-0.9,-2.01,-0.8,-1.79,30,86,2213.45,16.3,86,32.8,91.04,2138.78,13.4,35,30.5,86.9,38.8478275,-90.45753515624997,-3.5,0.2
2023-07-29T01:19:29.000Z,29.1,84.38,64,99.79,2.57,5,0,0,0,0.68,1.52,220,1.52,3.4,-0.52,-1.16,-0.44,-0.98,29.6,85.28,2212.61,16.27,87,32.7,90.86,2138.89,13.41,35,30.5,86.9,38.8478275,-90.45753515624997,-3.7,0.4
2023-07-29T01:34:29.000Z,28.9,84.02,65,99.8,2.6,5,0,0,0,0.61,1.36,226.1,1.52,3.4,-0.42,-0.94,-0.44,-0.98,29.3,84.74,2214.59,16.34,86,32.7,90.86,2139.24,13.42,35,30.5,86.9,38.8478275,-90.45753515624997,-3.7,0.4
2023-07-29T01:49:29.000Z,28.7,83.66,66,99.79,2.59,5,0,0,0,0.43,0.96,236.2,1.08,2.42,-0.24,-0.54,-0.36,-0.81,29,84.2,2213.86,16.32,86,32.6,90.68,2138.87,13.41,35,30.5,86.9,38.8478275,-90.45753515624997,-3.5,0.2
2023-07-29T02:04:29.000Z,28.5,83.3,67,99.77,2.61,5,0,0,0,0.32,0.72,220.3,0.93,2.08,-0.25,-0.56,-0.21,-0.47,28.8,83.84,2214.52,16.34,86,32.5,90.5,2139.04,13.41,35,30.5,86.9,38.8478275,-90.45753515624997,-3.5,0.3
2023-07-29T02:19:29.000Z,27.7,81.86,73,99.87,2.69,5,0,0,0,0.97,2.17,321.7,4.19,9.37,0.76,1.7,-0.6,-1.34,28.5,83.3,2213.4,16.3,86,32.4,90.32,2140.16,13.46,35,30.5,86.9,38.8478275,-90.45753515624997,-3.3,0.1
2023-07-29T02:25:51.757Z,27.94,82.3,73,100.02,2.64,5,0.73,0.18,0.01,1.68,3.77,227.65,3.43,7.67,0.07,0.16,-0.67,-1.49,28.13,82.63,2378.7,22.71,132.04,30.67,87.2,2354.38,21.77,106.86,29.31,84.76,38.84785400259082,-90.45753139167729,-3.66,0.29
2023-07-29T02:34:29.000Z,27.9,82.22,70,99.9,2.65,5,0,0,0,2.88,6.44,351.7,8.2,18.34,2.85,6.38,-0.42,-0.94,28.1,82.58,2215.05,16.36,86,32.3,90.14,2140,13.45,35,30.5,86.9,38.8478275,-90.45753515624997,-3.7,0.2
2023-07-29T02:49:29.000Z,28.2,82.76,69,99.91,2.66,5,0,0,0,1.37,3.06,351,3.94,8.81,1.36,3.04,-0.21,-0.47,28.4,83.12,2214.03,16.32,86,32.2,89.96,2140.15,13.46,35,30.5,86.9,38.8478275,-90.45753515624997,-3.6,0.3
2023-07-29T03:04:29.000Z,28.4,83.12,69,99.92,2.66,5,0,0,0,2.53,5.66,12.9,5.17,11.56,2.47,5.53,0.57,1.28,28.7,83.66,2214.05,16.32,86,32.2,89.96,2138.7,13.4,35,30.5,86.9,38.8478275,-90.45753515624997,-3.5,0.4
2023-07-29T03:19:29.000Z,27.4,81.32,69,99.9,2.53,5,0,0,0,3.12,6.98,28,6.48,14.5,2.76,6.17,1.47,3.29,28,82.4,2215.41,16.38,85,32.1,89.78,2138.87,13.41,35,30.4,86.72,38.8478275,-90.45753515624997,-4.1,0.5
2023-07-29T03:34:29.000Z,26.8,80.24,73,99.92,2.57,5,0,0,0,2.4,5.37,39.4,4.97,11.12,1.86,4.16,1.53,3.42,27.3,81.14,2214.1,16.32,85,32,89.6,2138.83,13.41,35,30.4,86.72,38.8478275,-90.45753515624997,-3.6,0.4
2023-07-29T03:49:29.000Z,26.3,79.34,78,99.93,2.66,5,0,0,0,1.72,3.85,55.7,5.19,11.61,0.97,2.17,1.42,3.18,26.7,80.06,2215.71,16.39,85,31.9,89.42,2139.08,13.41,35,30.4,86.72,38.8478275,-90.45753515624997,-3.7,0.5
2023-07-29T04:04:29.000Z,26.1,78.98,79,99.9,2.67,5,0,0,0,1.35,3.02,110.5,2.78,6.22,-0.47,-1.05,1.27,2.84,26.5,79.7,2213.51,16.3,86,31.9,89.42,2139.75,13.44,35,30.4,86.72,38.8478275,-90.45753515624997,-3.5,0.2
2023-07-29T04:19:29.000Z,26,78.8,78,99.88,2.62,5,0,0,0,0.99,2.21,72,1.78,3.98,0.31,0.69,0.94,2.1,26.4,79.52,2214.34,16.33,84,31.8,89.24,2140.16,13.46,35,30.4,86.72,38.8478275,-90.45753515624997,-3.6,0.2
2023-07-29T04:34:29.000Z,26,78.8,77,99.86,2.59,5,0,0,0,1.11,2.48,81,2.3,5.14,0.17,0.38,1.09,2.44,26.3,79.34,2214.35,16.33,86,31.7,89.06,2138.88,13.41,35,30.3,86.54,38.8478275,-90.45753515624997,-3.7,0.4
2023-07-29T04:49:29.000Z,26.2,79.16,75,99.9,2.54,5,0,0,0,0.86,1.92,27.6,2.52,5.64,0.76,1.7,0.4,0.89,26.3,79.34,2214.03,16.32,85,31.7,89.06,2139.62,13.44,35,30.3,86.54,38.8478275,-90.45753515624997,-3.7,0.4
2023-07-29T05:04:29.000Z,25.8,78.44,75,99.92,2.5,5,0,0,0,0.7,1.57,108.5,1.37,3.06,-0.22,-0.49,0.66,1.48,26.1,78.98,2215.03,16.36,85,31.6,88.88,2139.09,13.42,35,30.3,86.54,38.8478275,-90.45753515624997,-3.8,0.5
2023-07-29T05:19:29.000Z,26,78.8,72,99.95,2.42,5,0,0,0,1.58,3.53,123.9,4.25,9.51,-0.88,-1.97,1.31,2.93,26.3,79.34,2215.04,16.36,85,31.5,88.7,2139,13.41,36,30.3,86.54,38.8478275,-90.45753515624997,-3.5,0.2
2023-07-29T05:25:51.738Z,27.94,82.3,73,100.02,2.64,5,0.73,0.18,0.01,1.68,3.77,227.65,3.43,7.67,0.07,0.16,-0.67,-1.49,28.13,82.63,2378.7,22.71,132.04,30.67,87.2,2354.38,21.77,106.86,29.31,84.76,38.84785400259082,-90.45753139167729,-3.66,0.29
2023-07-29T05:34:29.000Z,25.9,78.62,74,99.96,2.45,5,0,0,0,1.66,3.71,73.2,3.15,7.05,0.48,1.07,1.59,3.56,26.1,78.98,2213.91,16.32,85,31.4,88.52,2140.05,13.45,35,30.3,86.54,38.8478275,-90.45753515624997,-3.5,0.3
2023-07-29T05:49:29.000Z,26,78.8,75,99.95,2.53,5,0,0,0,1,2.24,115.4,1.97,4.41,-0.43,-0.96,0.91,2.04,26,78.8,2215.13,16.36,85,31.4,88.52,2140.73,13.48,35,30.2,86.36,38.8478275,-90.45753515624997,-3.7,0.4
2023-07-29T06:04:29.000Z,26.3,79.34,77,99.96,2.61,5,0,0,0,0.56,1.25,81.8,1.79,4,0.08,0.18,0.56,1.25,26.3,79.34,2214.31,16.33,85,31.3,88.34,2139,13.41,34,30.2,86.36,38.8478275,-90.45753515624997,-3.7,0.2
2023-07-29T06:19:29.000Z,26.8,80.24,76,99.97,2.68,5,0,0,0,1.12,2.51,75.8,2.19,4.9,0.27,0.6,1.08,2.42,26.7,80.06,2213.97,16.32,85,31.2,88.16,2140.68,13.48,35,30.2,86.36,38.8478275,-90.45753515624997,-3.7,0.2
2023-07-29T06:34:29.000Z,27.7,81.86,75,99.93,2.76,5,0,0,0,1.01,2.26,106,2.58,5.77,-0.28,-0.63,0.97,2.17,27.4,81.32,2213.39,16.3,85,31.2,88.16,2139.74,13.44,35,30.2,86.36,38.8478275,-90.45753515624997,-3.7,0.2
2023-07-29T06:49:29.000Z,28.5,83.3,72,99.93,2.79,5,0,0,0,0.69,1.54,116.7,2.55,5.7,-0.31,-0.69,0.62,1.39,28.3,82.94,2214.58,16.34,85,31.1,87.98,2139.17,13.42,35,30.1,86.18,38.8478275,-90.45753515624997,-3.7,0.4
2023-07-29T07:04:29.000Z,28.7,83.66,72,99.95,2.82,5,0,0,0,0.95,2.13,348.8,2.03,4.54,0.94,2.1,-0.19,-0.43,28.9,84.02,2214.62,16.35,85,31,87.8,2138.25,13.38,34,30.1,86.18,38.8478275,-90.45753515624997,-3.6,0.4
2023-07-29T07:19:29.000Z,29.5,85.1,69,99.95,2.85,5,0,0,0,0.67,1.5,101.7,1.75,3.91,-0.14,-0.31,0.65,1.45,29.2,84.56,2214.3,16.33,84,31,87.8,2139.84,13.44,35,30.1,86.18,38.8478275,-90.45753515624997,-3.9,0.2
2023-07-29T07:34:29.000Z,29.9,85.82,68,99.97,2.88,5,0,0,0,0.83,1.86,173.3,1.72,3.85,-0.82,-1.83,0.1,0.22,29.5,85.1,2214.71,16.35,85,30.9,87.62,2139.51,13.43,35,30.1,86.18,38.8478275,-90.45753515624997,-3.7,0.3
2023-07-29T07:49:29.000Z,30.3,86.54,68,99.98,2.91,5,0,0,0,1.13,2.53,180,2.48,5.55,-1.13,-2.53,0,0,29.8,85.64,2214.63,16.35,85,30.8,87.44,2139.21,13.42,34,30,86,38.8478275,-90.45753515624997,-3.7,0.5
2023-07-29T08:04:29.000Z,30.9,87.62,64,99.98,2.86,5,0,0,0,1.46,3.27,194.2,3.08,6.89,-1.41,-3.15,-0.36,-0.81,30.5,86.9,2214.18,16.33,85,30.8,87.44,2139.5,13.43,35,30,86,38.8478275,-90.45753515624997,-3.9,0.3
2023-07-29T08:19:29.000Z,30.9,87.62,61,99.96,2.72,5,0,0,0,2.2,4.92,211.6,3.74,8.37,-1.87,-4.18,-1.15,-2.57,30.9,87.62,2213.82,16.31,85,30.7,87.26,2140.13,13.46,34,30,86,38.8478275,-90.45753515624997,-3.9,0.5
2023-07-29T08:25:51.691Z,27.94,82.3,73,100.02,2.64,5,0.73,0.18,0.01,1.68,3.77,227.65,3.43,7.67,0.07,0.16,-0.67,-1.49,28.13,82.63,2378.7,22.71,132.04,30.67,87.2,2354.38,21.77,106.86,29.31,84.76,38.84785400259082,-90.45753139167729,-3.66,0.29
2023-07-29T08:34:29.000Z,31.4,88.52,58,99.95,2.66,5,0,0,0,2.17,4.85,213.9,4.82,10.78,-1.8,-4.03,-1.21,-2.71,31.5,88.7,2214.83,16.35,85,30.7,87.26,2139.02,13.41,35,30,86,38.8478275,-90.45753515624997,-4.1,0.5
2023-07-29T08:49:29.000Z,31.8,89.24,57,99.97,2.67,5,0,0,0,2.51,5.61,222,4.33,9.69,-1.86,-4.16,-1.68,-3.76,31.6,88.88,2214.43,16.34,85,30.7,87.26,2138.86,13.41,35,29.9,85.82,38.8478275,-90.45753515624997,-3,0.2
2023-07-29T09:04:29.000Z,32.4,90.32,55,99.98,2.7,5,0,0,0,2.65,5.93,246,4.46,9.98,-1.08,-2.42,-2.42,-5.41,32,89.6,2214.83,16.35,85,30.7,87.26,2139.25,13.42,35,29.9,85.82,38.8478275,-90.45753515624997,-3.5,0.1
2023-07-29T09:19:29.000Z,32.7,90.86,56,99.97,2.75,5,0,0,0,2.51,5.61,252.6,4.23,9.46,-0.75,-1.68,-2.39,-5.35,32.2,89.96,2213.28,16.29,84,30.7,87.26,2138.64,13.4,35,29.9,85.82,38.8478275,-90.45753515624997,-3.6,0.2
2023-07-29T09:34:29.000Z,33.3,91.94,55,99.98,2.8,5,0,0,0,2.25,5.03,254.7,3.63,8.12,-0.6,-1.34,-2.17,-4.85,32.6,90.68,2215.35,16.37,85,30.7,87.26,2139.51,13.43,36,29.9,85.82,38.8478275,-90.45753515624997,-3.5,0.4
2023-07-29T09:49:29.000Z,32.7,90.86,56,100.01,2.76,5,0,0,0,2.36,5.28,257.4,4.36,9.75,-0.51,-1.14,-2.3,-5.14,32.6,90.68,2215.53,16.38,84,30.7,87.26,2138.91,13.41,35,29.8,85.64,38.8478275,-90.45753515624997,-3.7,0.2
2023-07-29T10:04:29.000Z,32.4,90.32,56,99.99,2.7,5,0,0,0,2.24,5.01,276.6,3.52,7.87,0.26,0.58,-2.22,-4.97,32.3,90.14,2215.05,16.36,85,30.8,87.44,2138.05,13.37,35,29.8,85.64,38.8478275,-90.45753515624997,-3.6,0.2
2023-07-29T10:19:29.000Z,33.5,92.3,51,99.98,2.67,5,0,0,0,1.98,4.43,271.7,3.28,7.34,0.06,0.13,-1.98,-4.43,32.8,91.04,2214.77,16.35,85,30.8,87.44,2138.31,13.39,35,29.8,85.64,38.8478275,-90.45753515624997,-3.5,0.2
2023-07-29T10:34:29.000Z,33.7,92.66,52,99.98,2.7,5,0,0,0,1.5,3.36,257.1,2.89,6.46,-0.33,-0.74,-1.46,-3.27,33.1,91.58,2214.34,16.33,85,30.9,87.62,2139.32,13.42,34,29.8,85.64,38.8478275,-90.45753515624997,-3.6,0.2
2023-07-29T10:49:29.000Z,33.2,91.76,54,99.98,2.73,5,0,0,0,1.82,4.07,258.9,3.7,8.28,-0.35,-0.78,-1.78,-3.98,32.9,91.22,2213.6,16.31,84,31,87.8,2139.17,13.42,35,29.7,85.46,38.8478275,-90.45753515624997,-3.8,0.4
2023-07-29T11:04:29.000Z,34.3,93.74,50,99.99,2.72,5,0,0,0,1.72,3.85,270.3,3.44,7.7,0.01,0.02,-1.72,-3.85,33.5,92.3,2214.81,16.35,84,31.1,87.98,2138.74,13.4,34,29.7,85.46,38.8478275,-90.45753515624997,-3.4,0.2
2023-07-29T11:19:29.000Z,34.2,93.56,52,99.97,2.79,5,0,0,0,1.66,3.71,275.8,3.62,8.1,0.17,0.38,-1.65,-3.69,33.7,92.66,2215.25,16.37,85,31.1,87.98,2138.67,13.4,35,29.7,85.46,38.8478275,-90.45753515624997,-3.8,0.5
2023-07-29T11:25:51.742Z,27.94,82.3,73,100.02,2.64,5,0.73,0.18,0.01,1.68,3.77,227.65,3.43,7.67,0.07,0.16,-0.67,-1.49,28.13,82.63,2378.7,22.71,132.04,30.67,87.2,2354.38,21.77,106.86,29.31,84.76,38.84785400259082,-90.45753139167729,-3.66,0.29
2023-07-29T11:34:29.000Z,34.3,93.74,52,99.98,2.83,5,0,0,0,1.86,4.16,294.6,3.63,8.12,0.77,1.72,-1.69,-3.78,33.7,92.66,2214.18,16.33,85,31.2,88.16,2138.51,13.39,34,29.7,85.46,38.8478275,-90.45753515624997,-3.9,0
2023-07-29T11:49:29.000Z,33.6,92.48,55,99.97,2.85,5,0,0,0,1.86,4.16,320.1,4.86,10.87,1.42,3.18,-1.19,-2.66,34,93.2,2213.59,16.31,85,31.4,88.52,2138.13,13.38,35,29.7,85.46,38.8478275,-90.45753515624997,-3.6,0.4
2023-07-29T12:04:29.000Z,34.9,94.82,51,99.95,2.87,5,0,0,0,1.01,2.26,236.6,2.49,5.57,-0.55,-1.23,-0.84,-1.88,34.3,93.74,2214.89,16.36,84,31.5,88.7,2138.7,13.4,35,29.7,85.46,38.8478275,-90.45753515624997,-3.6,0.3
2023-07-29T12:19:29.000Z,35.7,96.26,49,99.93,2.84,5,0,0,0,1.58,3.53,307.2,4.31,9.64,0.95,2.13,-1.26,-2.82,34.9,94.82,2214.01,16.32,85,31.6,88.88,2137.85,13.37,34,29.7,85.46,38.8478275,-90.45753515624997,-3.7,0.2
2023-07-29T12:34:29.000Z,34.7,94.46,53,99.92,2.95,5,0,0,0,1.35,3.02,336.2,2.88,6.44,1.24,2.77,-0.55,-1.23,35.3,95.54,2216.18,16.41,85,31.8,89.24,2137.78,13.36,35,29.7,85.46,38.8478275,-90.45753515624997,-3.7,0.4
2023-07-29T12:49:29.000Z,36.7,98.06,45,99.87,2.79,5,0,0,0,1.27,2.84,316.9,3.11,6.96,0.93,2.08,-0.87,-1.95,35.5,95.9,2214.94,16.36,86,31.9,89.42,2137.9,13.37,34,29.7,85.46,38.8478275,-90.45753515624997,-3.6,0.2
2023-07-29T13:04:29.000Z,34.9,94.82,50,99.88,2.77,5,0,0,0,1.42,3.18,330.8,3.52,7.87,1.24,2.77,-0.69,-1.54,35.5,95.9,2213.36,16.3,86,32.1,89.78,2136.56,13.32,34,29.7,85.46,38.8478275,-90.45753515624997,-3.8,0.2
2023-07-29T13:19:29.000Z,34.8,94.64,50,99.88,2.77,5,0,0,0,1.94,4.34,322.4,3.08,6.89,1.54,3.44,-1.18,-2.64,35.5,95.9,2214.07,16.32,86,32.2,89.96,2136.93,13.33,34,29.7,85.46,38.8478275,-90.45753515624997,-3.7,0.3
2023-07-29T13:34:29.000Z,36.1,96.98,45,99.88,2.72,5,0,0,0,0.89,1.99,145.2,2.05,4.59,-0.73,-1.63,0.51,1.14,35.6,96.08,2213.3,16.29,87,32.4,90.32,2137.77,13.36,34,29.7,85.46,38.8478275,-90.45753515624997,-3.5,0.1
2023-07-29T13:49:29.000Z,36.8,98.24,44,99.9,2.75,5,0,0,0,1.45,3.24,291.4,3.75,8.39,0.53,1.19,-1.35,-3.02,36.2,97.16,2213.13,16.29,86,32.6,90.68,2138.06,13.38,34,29.7,85.46,38.8478275,-90.45753515624997,-3.6,0.2
2023-07-29T14:04:29.000Z,36,96.8,44,99.92,2.61,5,0,0,0,1.58,3.53,295.4,3.15,7.05,0.68,1.52,-1.43,-3.2,36.1,96.98,2212.94,16.28,87,32.8,91.04,2136.93,13.33,34,29.7,85.46,38.8478275,-90.45753515624997,-3.5,0.1
2023-07-29T14:19:29.000Z,35.1,95.18,47,99.91,2.69,5,0,0,0,1.78,3.98,274.1,3.33,7.45,0.13,0.29,-1.78,-3.98,35.5,95.9,2214.44,16.34,87,33,91.4,2136.97,13.33,35,29.8,85.64,38.8478275,-90.45753515624997,-3.7,0.4
2023-07-29T14:25:51.693Z,27.94,82.3,73,100.02,2.64,5,0.73,0.18,0.01,1.68,3.77,227.65,3.43,7.67,0.07,0.16,-0.67,-1.49,28.13,82.63,2378.7,22.71,132.04,30.67,87.2,2354.38,21.77,106.86,29.31,84.76,38.84785400259082,-90.45753139167729,-3.66,0.29
2023-07-29T14:34:29.000Z,31.2,88.16,52,99.99,2.35,5,0,0,0,2.72,6.08,253.3,11.9,26.62,-0.78,-1.74,-2.61,-5.84,33.7,92.66,2214.15,16.33,86,33.2,91.76,2138.27,13.38,35,29.8,85.64,38.8478275,-90.45753515624997,-2.6,-0.5
2023-07-29T14:49:29.000Z,24.1,75.38,83,100.16,2.5,5,0,0,0,8.61,19.26,271.9,14.62,32.7,0.28,0.63,-8.6,-19.24,26.1,78.98,2213.75,16.31,87,33.4,92.12,2138.61,13.4,34,29.8,85.64,38.84788250000001,-90.45752734374997,-2.4,-2.2
2023-07-29T15:02:28.946Z,27.94,82.3,73,100.02,2.64,5,0.73,0.18,0.01,1.68,3.77,227.65,3.43,7.67,0.07,0.16,-0.67,-1.49,28.13,82.63,2378.7,22.71,132.04,30.67,87.2,2354.38,21.77,106.86,29.31,84.76,38.84788250000001,-90.45752734374997,-3.66,0.29
2023-07-29T15:04:29.000Z,22.3,72.14,94,100.26,2.53,5,81,20.25,0.8,9.72,21.74,268.6,15.82,35.39,-0.23,-0.51,-9.72,-21.74,22.3,72.14,2586.92,30.79,172,32.6,90.68,2701.06,35.21,184,29.8,85.64,38.84788250000001,-90.45752734374997,-5,1.5
2023-07-29T15:19:29.000Z,21.7,71.06,94,100.3,2.44,5,38,9.5,0.37,6.33,14.16,285.5,12.9,28.86,1.69,3.78,-6.1,-13.65,21.7,71.06,2704.89,35.36,190,26.1,78.98,2824.75,40.01,169,25.1,77.18,38.84788250000001,-90.45752734374997,-5.2,0.3
2023-07-29T15:34:29.000Z,22,71.6,94,100.26,2.49,5,4,1,0.04,4.62,10.33,303.1,9.3,20.8,2.52,5.64,-3.87,-8.66,21.7,71.06,2699.78,35.16,199,26.6,79.88,2823.09,39.95,182,25.3,77.54,38.84788250000001,-90.45752734374997,-3.6,-0.2
2023-07-29T15:49:29.000Z,22.4,72.32,95,100.17,2.57,5,0,0,0,3.85,8.61,300.5,7.1,15.88,1.95,4.36,-3.32,-7.43,22.3,72.14,2650.2,33.24,186,28.5,83.3,2811.44,39.5,222,26.7,80.06,38.84788250000001,-90.45752734374997,-3.1,-0.2
2023-07-29T16:04:29.000Z,22.4,72.32,95,100.13,2.57,5,2,0.5,0.02,2.74,6.13,302.6,6.12,13.69,1.47,3.29,-2.31,-5.17,22.6,72.68,2632.35,32.55,185,29.6,85.28,2653.93,33.39,182,27.1,80.78,38.84788250000001,-90.45752734374997,-3.5,0.3
2023-07-29T16:19:29.000Z,22.3,72.14,95,100.13,2.55,5,1,0.25,0.01,1.84,4.12,316,3.06,6.85,1.33,2.98,-1.28,-2.86,22.5,72.5,2588.52,30.85,183,29.9,85.82,2638.67,32.79,176,27.4,81.32,38.84788250000001,-90.45752734374997,-3.7,0.3
2023-07-29T16:34:29.000Z,22.2,71.96,94,100.1,2.53,5,2,0.5,0.02,1.96,4.38,335.2,3.22,7.2,1.78,3.98,-0.82,-1.83,22.4,72.32,2580.54,30.54,184,30.1,86.18,2633.01,32.57,174,27.7,81.86,38.84788250000001,-90.45752734374997,-3.7,0.4
2023-07-29T16:49:29.000Z,22,71.6,96,100.09,2.53,5,3,0.75,0.03,1.5,3.36,344.8,2.55,5.7,1.45,3.24,-0.39,-0.87,22.2,71.96,2578.46,30.46,183,30.2,86.36,2628.56,32.4,174,27.9,82.22,38.84788250000001,-90.45752734374997,-3.7,0.4
2023-07-29T17:04:29.000Z,22.1,71.78,97,100.07,2.59,5,3,0.75,0.03,0.77,1.72,353.6,1.6,3.58,0.77,1.72,-0.09,-0.2,22.2,71.96,2578.92,30.48,184,30.2,86.36,2626.14,32.31,169,28.1,82.58,38.84788250000001,-90.45752734374997,-3.3,0.3
2023-07-29T17:19:29.000Z,21.9,71.42,97,100,2.55,5,3,0.75,0.03,1.37,3.06,41.1,2.65,5.93,1.03,2.3,0.9,2.01,22,71.6,2580.15,30.52,185,30.2,86.36,2625.65,32.29,169,28.3,82.94,38.84788250000001,-90.45752734374997,-3.8,0.1
2023-07-29T17:25:51.504Z,27.94,82.3,73,100.02,2.64,5,0.73,0.18,0.01,1.68,3.77,227.65,3.43,7.67,0.07,0.16,-0.67,-1.49,28.13,82.63,2378.7,22.71,132.04,30.67,87.2,2354.38,21.77,106.86,29.31,84.76,38.84785400259082,-90.45753139167729,-3.66,0.29
2023-07-29T17:34:29.000Z,21.9,71.42,97,99.91,2.55,5,2,0.5,0.02,1.15,2.57,42.2,2.6,5.82,0.85,1.9,0.77,1.72,22.1,71.78,2580.99,30.56,186,30.2,86.36,2625.07,32.27,171,28.5,83.3,38.84788250000001,-90.45752734374997,-3.8,0.2
2023-07-29T17:49:29.000Z,22.1,71.78,94,99.92,2.51,5,1,0.25,0.01,1.99,4.45,27,4.06,9.08,1.78,3.98,0.9,2.01,22.1,71.78,2580.36,30.53,187,30.2,86.36,2624.36,32.24,171,28.6,83.48,38.84788250000001,-90.45752734374997,-3.6,0.3
2023-07-29T18:04:29.000Z,22,71.6,96,99.87,2.55,5,0,0,0,1.99,4.45,27.5,3.84,8.59,1.76,3.94,0.92,2.06,22.1,71.78,2578.18,30.45,187,30.2,86.36,2622.71,32.17,173,28.8,83.84,38.84788250000001,-90.45752734374997,-3.7,0.2
2023-07-29T18:19:29.000Z,22.3,72.14,97,99.86,2.6,5,0,0,0,0.79,1.77,82.5,3.13,7,0.1,0.22,0.78,1.74,22.4,72.32,2575.76,30.35,187,30.1,86.18,2620.1,32.07,173,28.9,84.02,38.84788250000001,-90.45752734374997,-3.4,0.3
2023-07-29T18:34:29.000Z,22.7,72.86,97,99.86,2.67,5,0,0,0,0.36,0.81,215.7,0.94,2.1,-0.29,-0.65,-0.21,-0.47,22.8,73.04,2574.13,30.29,188,30.1,86.18,2618.55,32.01,173,29,84.2,38.84788250000001,-90.45752734374997,-3.8,0.4
2023-07-29T18:49:29.000Z,22.9,73.22,97,99.94,2.7,5,0,0,0,1.18,2.64,259.2,3.02,6.76,-0.22,-0.49,-1.16,-2.59,23.1,73.58,2572.62,30.23,187,30.1,86.18,2617.33,31.97,174,29,84.2,38.84788250000001,-90.45752734374997,-3.6,0.2
2023-07-29T19:04:29.000Z,22.6,72.68,96,99.99,2.64,5,0,0,0,2.15,4.81,256.8,3.48,7.78,-0.49,-1.1,-2.1,-4.7,23,73.4,2571.08,30.17,186,30,86,2614.96,31.87,176,29.1,84.38,38.84788250000001,-90.45752734374997,-3.8,0.5
2023-07-29T19:19:29.000Z,22.4,72.32,97,100.04,2.63,5,0,0,0,2.27,5.08,274,3.58,8.01,0.16,0.36,-2.27,-5.08,22.7,72.86,2568.43,30.07,185,30,86,2611.97,31.76,176,29.2,84.56,38.84788250000001,-90.45752734374997,-3.7,0.4
2023-07-29T19:34:29.000Z,22.4,72.32,98,100.06,2.65,5,0,0,0,2.07,4.63,273.3,3.18,7.11,0.12,0.27,-2.07,-4.63,22.6,72.68,2566.19,29.98,186,29.9,85.82,2609.1,31.65,178,29.2,84.56,38.84788250000001,-90.45752734374997,-3.9,0.1
2023-07-29T19:49:29.000Z,22.3,72.14,98,100.05,2.64,5,0,0,0,2.02,4.52,260.8,3.61,8.08,-0.32,-0.72,-1.99,-4.45,22.6,72.68,2563.31,29.87,185,29.9,85.82,2607.03,31.57,179,29.2,84.56,38.84788250000001,-90.45752734374997,-3.5,0.5
2023-07-29T20:04:29.000Z,22.3,72.14,99,100.08,2.65,5,0,0,0,1.44,3.22,299.4,2.41,5.39,0.71,1.59,-1.25,-2.8,22.5,72.5,2563,29.86,184,29.9,85.82,2606.21,31.53,180,29.3,84.74,38.84788250000001,-90.45752734374997,-3.5,0.4
2023-07-29T20:19:29.000Z,22.1,71.78,99,100.11,2.62,5,0,0,0,1.57,3.51,300.4,2.45,5.48,0.8,1.79,-1.36,-3.04,22.5,72.5,2562.02,29.82,185,29.8,85.64,2604.28,31.46,180,29.3,84.74,38.84788250000001,-90.45752734374997,-3.7,0.2
2023-07-29T20:25:51.825Z,27.94,82.3,73,100.02,2.64,5,0.73,0.18,0.01,1.68,3.77,227.65,3.43,7.67,0.07,0.16,-0.67,-1.49,28.13,82.63,2378.7,22.71,132.04,30.67,87.2,2354.38,21.77,106.86,29.31,84.76,38.84785400259082,-90.45753139167729,-3.66,0.29
2023-07-29T20:34:29.000Z,22,71.6,99,100.13,2.61,5,0,0,0,1.55,3.47,301.5,2.58,5.77,0.81,1.81,-1.32,-2.95,22.4,72.32,2561.46,29.8,184,29.8,85.64,2601.54,31.35,181,29.3,84.74,38.84788250000001,-90.45752734374997,-3.6,0.2
2023-07-29T20:49:29.000Z,22.2,71.96,99,100.12,2.63,5,0,0,0,1.55,3.47,295.7,2.57,5.75,0.67,1.5,-1.39,-3.11,22.4,72.32,2559.88,29.74,183,29.7,85.46,2601.19,31.34,182,29.3,84.74,38.84788250000001,-90.45752734374997,-3.5,0.4
2023-07-29T21:04:29.000Z,22.1,71.78,99,100.14,2.63,5,0,0,0,1.14,2.55,294.9,1.78,3.98,0.48,1.07,-1.04,-2.33,22.3,72.14,2559.09,29.71,184,29.7,85.46,2599.12,31.26,184,29.3,84.74,38.84788250000001,-90.45752734374997,-3.7,0.5
2023-07-29T21:19:29.000Z,21.9,71.42,99,100.15,2.61,5,0,0,0,0.94,2.1,278.9,1.49,3.33,0.15,0.34,-0.93,-2.08,22.3,72.14,2557.74,29.65,183,29.6,85.28,2597.76,31.21,185,29.4,84.92,38.84788250000001,-90.45752734374997,-3.7,0.3
2023-07-29T21:34:29.000Z,22,71.6,99,100.16,2.63,5,0,0,0,1.23,2.75,277,1.77,3.96,0.15,0.34,-1.22,-2.73,22.3,72.14,2557.5,29.65,184,29.5,85.1,2596.05,31.14,186,29.4,84.92,38.84788250000001,-90.45752734374997,-3.6,0.4
2023-07-29T21:49:29.000Z,21.9,71.42,99,100.18,2.61,5,0,0,0,1.19,2.66,269.8,1.97,4.41,0,0,-1.19,-2.66,22.3,72.14,2557.11,29.63,184,29.5,85.1,2594.65,31.09,185,29.4,84.92,38.84788250000001,-90.45752734374997,-3.7,0.2
2023-07-29T22:04:29.000Z,22,71.6,99,100.18,2.63,5,0,0,0,1.38,3.09,261.6,2.31,5.17,-0.2,-0.45,-1.37,-3.06,22.3,72.14,2556.43,29.6,184,29.4,84.92,2592.76,31.01,186,29.4,84.92,38.84788250000001,-90.45752734374997,-3.6,0.5
2023-07-29T22:19:29.000Z,22,71.6,99,100.18,2.62,5,0,0,0,1.84,4.12,262.8,2.99,6.69,-0.23,-0.51,-1.82,-4.07,22.3,72.14,2555.9,29.58,183,29.3,84.74,2591.83,30.98,188,29.4,84.92,38.84788250000001,-90.45752734374997,-3.5,0.4
2023-07-29T22:34:29.000Z,21.9,71.42,100,100.16,2.61,5,0,0,0,1.65,3.69,285.7,2.52,5.64,0.45,1.01,-1.58,-3.53,22.1,71.78,2554.85,29.54,183,29.3,84.74,2591.28,30.96,189,29.3,84.74,38.84788250000001,-90.45752734374997,-3.5,0.4
2023-07-29T22:49:29.000Z,21.8,71.24,100,100.15,2.61,5,0,0,0,1.18,2.64,308.2,1.72,3.85,0.73,1.63,-0.93,-2.08,22.1,71.78,2554.57,29.53,184,29.2,84.56,2590.28,30.92,189,29.3,84.74,38.84788250000001,-90.45752734374997,-3.6,0.2
2023-07-29T23:04:29.000Z,21.9,71.42,100,100.17,2.62,5,0,0,0,1.09,2.44,305.7,1.64,3.67,0.64,1.43,-0.89,-1.99,22.2,71.96,2553.97,29.51,183,29.2,84.56,2589.78,30.9,190,29.3,84.74,38.84788250000001,-90.45752734374997,-3.7,0.4
2023-07-29T23:19:29.000Z,21.9,71.42,100,100.17,2.62,5,0,0,0,0.84,1.88,300.7,1.64,3.67,0.43,0.96,-0.72,-1.61,22.2,71.96,2553.17,29.48,184,29.1,84.38,2587.09,30.79,190,29.3,84.74,38.84788250000001,-90.45752734374997,-3.7,0.4
2023-07-29T23:25:51.847Z,27.94,82.3,73,100.02,2.64,5,0.73,0.18,0.01,1.68,3.77,227.65,3.43,7.67,0.07,0.16,-0.67,-1.49,28.13,82.63,2378.7,22.71,132.04,30.67,87.2,2354.38,21.77,106.86,29.31,84.76,38.84785400259082,-90.45753139167729,-3.66,0.29
2023-07-29T23:34:29.000Z,21.9,71.42,100,100.16,2.63,5,0,0,0,0.34,0.76,296.6,0.52,1.16,0.15,0.34,-0.3,-0.67,22.1,71.78,2553.23,29.48,183,29,84.2,2586.29,30.76,191,29.3,84.74,38.84788250000001,-90.45752734374997,-3.6,0.2
2023-07-29T23:49:29.000Z,21.8,71.24,100,100.15,2.61,5,0,0,0,0.34,0.76,311,0.62,1.39,0.22,0.49,-0.25,-0.56,22,71.6,2552.17,29.44,184,29,84.2,2585.59,30.74,191,29.3,84.74,38.84788250000001,-90.45752734374997,-3.7,0.3
2023-07-30T00:04:29.000Z,21.8,71.24,100,100.17,2.61,5,0,0,0,1.03,2.3,299.7,1.67,3.74,0.51,1.14,-0.9,-2.01,22.1,71.78,2553.36,29.48,184,28.9,84.02,2585.8,30.74,192,29.3,84.74,38.84788250000001,-90.45752734374997,-3.7,0.4
2023-07-30T00:19:29.000Z,21.7,71.06,100,100.17,2.6,5,0,0,0,0.94,2.1,311.4,1.5,3.36,0.62,1.39,-0.7,-1.57,22,71.6,2552.22,29.44,184,28.8,83.84,2584.56,30.7,192,29.2,84.56,38.84788250000001,-90.45752734374997,-3.8,0.2
2023-07-30T00:34:29.000Z,21.7,71.06,100,100.17,2.59,5,0,0,0,0.74,1.66,324,1.28,2.86,0.6,1.34,-0.44,-0.98,21.9,71.42,2551.34,29.41,184,28.8,83.84,2582.62,30.62,192,29.2,84.56,38.84788250000001,-90.45752734374997,-3.5,0.5
2023-07-30T00:49:29.000Z,21.4,70.52,100,100.17,2.55,5,0,0,0,0.59,1.32,10.9,0.87,1.95,0.58,1.3,0.11,0.25,21.7,71.06,2552.1,29.44,183,28.7,83.66,2581.46,30.57,192,29.2,84.56,38.84788250000001,-90.45752734374997,-3.6,0.4
2023-07-30T01:04:29.000Z,21.1,69.98,100,100.16,2.49,5,0,0,0,0.55,1.23,14.4,0.79,1.77,0.54,1.21,0.14,0.31,21.3,70.34,2551.64,29.42,184,28.6,83.48,2580.72,30.55,192,29.2,84.56,38.84788250000001,-90.45752734374997,-3.6,0.3
2023-07-30T01:19:29.000Z,21.6,70.88,100,100.16,2.57,5,0,0,0,0.38,0.85,311.6,0.65,1.45,0.25,0.56,-0.28,-0.63,21.6,70.88,2551.23,29.4,184,28.6,83.48,2580.77,30.55,193,29.1,84.38,38.84788250000001,-90.45752734374997,-3.6,0.5
2023-07-30T01:34:29.000Z,21.8,71.24,100,100.16,2.62,5,0,0,0,0.6,1.34,285.1,1.28,2.86,0.16,0.36,-0.58,-1.3,21.9,71.42,2551.42,29.41,184,28.5,83.3,2580.82,30.55,192,29.1,84.38,38.84788250000001,-90.45752734374997,-3.8,0.4
2023-07-30T01:49:29.000Z,21.7,71.06,100,100.17,2.59,5,0,0,0,0.45,1.01,331.2,0.92,2.06,0.4,0.89,-0.22,-0.49,21.9,71.42,2550.19,29.36,184,28.4,83.12,2580.31,30.53,192,29.1,84.38,38.84788250000001,-90.45752734374997,-3.8,0.4
2023-07-30T02:04:29.000Z,21.9,71.42,100,100.16,2.63,5,0,0,0,0.42,0.94,331.2,0.76,1.7,0.36,0.81,-0.2,-0.45,22.1,71.78,2549.37,29.33,183,28.4,83.12,2579.55,30.5,193,29.1,84.38,38.84788250000001,-90.45752734374997,-3.5,0.4
2023-07-30T02:19:29.000Z,22.1,71.78,100,100.16,2.66,5,0,0,0,0.8,1.79,338.6,1.31,2.93,0.75,1.68,-0.29,-0.65,22.2,71.96,2549.68,29.34,183,28.3,82.94,2578.66,30.47,193,29,84.2,38.84788250000001,-90.45752734374997,-3.6,0.3
2023-07-30T02:25:51.642Z,27.94,82.3,73,100.02,2.64,5,0.73,0.18,0.01,1.68,3.77,227.65,3.43,7.67,0.07,0.16,-0.67,-1.49,28.13,82.63,2378.7,22.71,132.04,30.67,87.2,2354.38,21.77,106.86,29.31,84.76,38.84785400259082,-90.45753139167729,-3.66,0.29
2023-07-30T02:34:29.000Z,21.7,71.06,100,100.15,2.59,5,0,0,0,0.97,2.17,348.9,1.33,2.98,0.96,2.15,-0.19,-0.43,22,71.6,2549.57,29.34,184,28.3,82.94,2577.87,30.44,193,29,84.2,38.84788250000001,-90.45752734374997,-3.6,0.2
2023-07-30T02:49:29.000Z,21.6,70.88,100,100.13,2.58,5,0,0,0,0.98,2.19,334.3,1.51,3.38,0.89,1.99,-0.43,-0.96,21.8,71.24,2549.82,29.35,183,28.2,82.76,2576.05,30.36,193,29,84.2,38.84788250000001,-90.45752734374997,-3.8,0.2
2023-07-30T03:04:29.000Z,21.6,70.88,100,100.15,2.57,5,0,0,0,0.99,2.21,332.6,1.39,3.11,0.88,1.97,-0.45,-1.01,21.7,71.06,2549.64,29.34,183,28.1,82.58,2575.51,30.34,193,29,84.2,38.84788250000001,-90.45752734374997,-3.5,0.4
2023-07-30T03:19:29.000Z,21.3,70.34,100,100.13,2.53,5,0,0,0,0.56,1.25,346.1,1.05,2.35,0.55,1.23,-0.14,-0.31,21.6,70.88,2549.69,29.34,184,28.1,82.58,2575.94,30.36,193,28.9,84.02,38.84788250000001,-90.45752734374997,-3.7,0.4
2023-07-30T03:34:29.000Z,21.4,70.52,100,100.15,2.55,5,0,0,0,0.64,1.43,323.7,1.17,2.62,0.52,1.16,-0.38,-0.85,21.6,70.88,2549.69,29.34,184,28,82.4,2574.87,30.32,193,28.9,84.02,38.84788250000001,-90.45752734374997,-3.6,0.2
2023-07-30T03:49:29.000Z,21.6,70.88,100,100.18,2.58,5,0,0,0,0.73,1.63,328.3,1.12,2.51,0.62,1.39,-0.38,-0.85,21.7,71.06,2550.26,29.36,183,28,82.4,2574.5,30.3,194,28.9,84.02,38.84788250000001,-90.45752734374997,-3.6,0.2
2023-07-30T04:04:29.000Z,21.6,70.88,100,100.19,2.59,5,0,0,0,0.9,2.01,334.2,1.3,2.91,0.81,1.81,-0.39,-0.87,21.9,71.42,2550.25,29.36,183,27.9,82.22,2573.75,30.28,193,28.8,83.84,38.84788250000001,-90.45752734374997,-3.7,0.4
2023-07-30T04:19:29.000Z,21.4,70.52,100,100.21,2.54,5,0,0,0,1.18,2.64,331.7,1.69,3.78,1.04,2.33,-0.56,-1.25,21.7,71.06,2549.71,29.34,183,27.8,82.04,2572.75,30.24,193,28.8,83.84,38.84788250000001,-90.45752734374997,-3.5,0.3
2023-07-30T04:34:29.000Z,21.3,70.34,100,100.23,2.53,5,0,0,0,1.19,2.66,336.1,1.57,3.51,1.09,2.44,-0.48,-1.07,21.6,70.88,2549.81,29.35,182,27.8,82.04,2572.18,30.21,193,28.8,83.84,38.84788250000001,-90.45752734374997,-3.7,0.1
2023-07-30T04:49:29.000Z,21.1,69.98,100,100.24,2.51,5,0,0,0,1.05,2.35,335.7,1.52,3.4,0.95,2.13,-0.43,-0.96,21.4,70.52,2550.39,29.37,182,27.7,81.86,2572.26,30.22,192,28.7,83.66,38.84788250000001,-90.45752734374997,-3.5,0.5
2023-07-30T05:04:29.000Z,21,69.8,100,100.25,2.49,5,0,0,0,0.35,0.78,321.4,0.87,1.95,0.28,0.63,-0.22,-0.49,21.3,70.34,2549.68,29.34,182,27.7,81.86,2572.63,30.23,193,28.7,83.66,38.84788250000001,-90.45752734374997,-3.5,0.4
2023-07-30T05:19:29.000Z,21.1,69.98,100,100.25,2.49,5,0,0,0,0.7,1.57,328.6,1.1,2.46,0.6,1.34,-0.37,-0.83,21.4,70.52,2549.59,29.34,182,27.6,81.68,2572.77,30.24,191,28.7,83.66,38.84788250000001,-90.45752734374997,-3.6,0.2
2023-07-30T05:25:51.863Z,27.94,82.3,73,100.02,2.64,5,0.73,0.18,0.01,1.68,3.77,227.65,3.43,7.67,0.07,0.16,-0.67,-1.49,28.13,82.63,2378.7,22.71,132.04,30.67,87.2,2354.38,21.77,106.86,29.31,84.76,38.84785400259082,-90.45753139167729,-3.66,0.29
2023-07-30T05:34:29.000Z,21.3,70.34,100,100.27,2.53,5,0,0,0,1.01,2.26,9.5,1.33,2.98,1,2.24,0.17,0.38,21.4,70.52,2549.49,29.33,182,27.6,81.68,2571.51,30.19,192,28.6,83.48,38.84788250000001,-90.45752734374997,-3.6,0.5
2023-07-30T05:49:29.000Z,21.8,71.24,100,100.29,2.61,5,0,0,0,1.05,2.35,4.2,1.24,2.77,1.05,2.35,0.08,0.18,21.7,71.06,2549.7,29.34,181,27.5,81.5,2571.33,30.18,192,28.6,83.48,38.84788250000001,-90.45752734374997,-3.7,0.3
2023-07-30T06:04:29.000Z,22.3,72.14,100,100.31,2.7,5,0,0,0,1.08,2.42,338.6,1.37,3.06,1,2.24,-0.39,-0.87,22,71.6,2549.38,29.33,182,27.5,81.5,2570.39,30.15,192,28.6,83.48,38.84788250000001,-90.45752734374997,-3.5,0.4
2023-07-30T06:19:29.000Z,22.5,72.5,99,100.31,2.68,5,0,0,0,1.11,2.48,329.9,1.64,3.67,0.96,2.15,-0.56,-1.25,22.3,72.14,2549.81,29.35,181,27.4,81.32,2568.99,30.09,190,28.5,83.3,38.84788250000001,-90.45752734374997,-3.7,0.3
2023-07-30T06:34:29.000Z,22.9,73.22,97,100.32,2.72,5,0,0,0,1.32,2.95,340.6,1.97,4.41,1.25,2.8,-0.44,-0.98,22.8,73.04,2549.61,29.34,182,27.4,81.32,2569.65,30.12,191,28.5,83.3,38.84788250000001,-90.45752734374997,-3.7,0.5
2023-07-30T06:49:29.000Z,22.9,73.22,94,100.33,2.64,5,0,0,0,1.54,3.44,347.5,2.26,5.06,1.51,3.38,-0.33,-0.74,23.2,73.76,2549.54,29.34,181,27.3,81.14,2568.57,30.07,192,28.5,83.3,38.84788250000001,-90.45752734374997,-3.7,0.2
2023-07-30T07:04:29.000Z,23.6,74.48,93,100.35,2.72,5,0,0,0,1.19,2.66,341.8,2.16,4.83,1.13,2.53,-0.37,-0.83,23.6,74.48,2548.92,29.31,181,27.3,81.14,2569.27,30.1,192,28.4,83.12,38.84788250000001,-90.45752734374997,-3.8,0.4
2023-07-30T07:19:29.000Z,23.8,74.84,92,100.35,2.69,5,0,0,0,1.2,2.68,333.5,2.19,4.9,1.07,2.39,-0.54,-1.21,24,75.2,2548.8,29.31,181,27.2,80.96,2568.98,30.09,191,28.4,83.12,38.84788250000001,-90.45752734374997,-3.7,0.4
2023-07-30T07:34:29.000Z,24,75.2,92,100.37,2.73,5,0,0,0,1.34,3,327.1,2.34,5.23,1.12,2.51,-0.73,-1.63,24.1,75.38,2548.02,29.28,181,27.2,80.96,2568.09,30.06,190,28.4,83.12,38.84788250000001,-90.45752734374997,-3.7,0.5
2023-07-30T07:49:29.000Z,24.3,75.74,89,100.38,2.72,5,0,0,0,1.27,2.84,350,2.42,5.41,1.26,2.82,-0.22,-0.49,24.5,76.1,2549.07,29.32,180,27.1,80.78,2567.67,30.04,191,28.3,82.94,38.84788250000001,-90.45752734374997,-3.7,0.5
2023-07-30T08:04:29.000Z,24.6,76.28,88,100.38,2.73,5,0,0,0,1.88,4.21,347.2,3.39,7.58,1.84,4.12,-0.42,-0.94,24.9,76.82,2548.16,29.28,181,27.1,80.78,2567.57,30.04,191,28.3,82.94,38.84788250000001,-90.45752734374997,-3.7,0.5
2023-07-30T08:19:29.000Z,25.2,77.36,87,100.37,2.8,5,0,0,0,1.92,4.29,332.7,3.3,7.38,1.7,3.8,-0.88,-1.97,25.3,77.54,2548.59,29.3,181,27.1,80.78,2566.02,29.98,190,28.3,82.94,38.84788250000001,-90.45752734374997,-3.8,0.2
2023-07-30T08:25:51.655Z,27.94,82.3,73,100.02,2.64,5,0.73,0.18,0.01,1.68,3.77,227.65,3.43,7.67,0.07,0.16,-0.67,-1.49,28.13,82.63,2378.7,22.71,132.04,30.67,87.2,2354.38,21.77,106.86,29.31,84.76,38.84785400259082,-90.45753139167729,-3.66,0.29
2023-07-30T08:34:29.000Z,25.5,77.9,88,100.36,2.86,5,0,0,0,2.13,4.76,347.7,3.4,7.61,2.08,4.65,-0.45,-1.01,25.8,78.44,2548.21,29.29,181,27.1,80.78,2566.39,29.99,190,28.2,82.76,38.84788250000001,-90.45752734374997,-3.7,0.3
2023-07-30T08:49:29.000Z,25.8,78.44,85,100.35,2.82,5,0,0,0,2.16,4.83,352.4,4.38,9.8,2.14,4.79,-0.29,-0.65,26.3,79.34,2548.6,29.3,181,27,80.6,2566.45,29.99,189,28.2,82.76,38.84788250000001,-90.45752734374997,-3.6,0.4
2023-07-30T09:04:29.000Z,26.3,79.34,79,100.33,2.7,5,0,0,0,1.88,4.21,21.9,4.77,10.67,1.74,3.89,0.7,1.57,26.8,80.24,2548.46,29.29,182,27.1,80.78,2565.83,29.97,190,28.2,82.76,38.84788250000001,-90.45752734374997,-3.9,0.2
2023-07-30T09:19:29.000Z,26.5,79.7,77,100.34,2.67,5,0,0,0,2.2,4.92,3.4,3.93,8.79,2.2,4.92,0.13,0.29,27.1,80.78,2547.68,29.26,182,27.1,80.78,2565.91,29.97,188,28.1,82.58,38.84788250000001,-90.45752734374997,-3.9,0.2
2023-07-30T09:34:29.000Z,26.6,79.88,75,100.33,2.61,5,0,0,0,2.18,4.88,27.2,4.14,9.26,1.94,4.34,1,2.24,27.2,80.96,2548.13,29.28,182,27.1,80.78,2564.48,29.92,188,28.1,82.58,38.84788250000001,-90.45752734374997,-3.6,0.4
2023-07-30T09:49:29.000Z,27.1,80.78,75,100.35,2.67,5,0,0,0,2.41,5.39,8.7,4.32,9.66,2.38,5.32,0.36,0.81,27.7,81.86,2547.09,29.24,181,27.2,80.96,2563.7,29.89,190,28.1,82.58,38.84788250000001,-90.45752734374997,-3.4,0.2
2023-07-30T10:04:29.000Z,27,80.6,77,100.35,2.74,5,0,0,0,2.19,4.9,1.5,4.05,9.06,2.19,4.9,0.06,0.13,27.8,82.04,2547.9,29.27,181,27.2,80.96,2564.6,29.92,189,28,82.4,38.84788250000001,-90.45752734374997,-3.7,0.5
2023-07-30T10:19:29.000Z,27.3,81.14,75,100.33,2.72,5,0,0,0,1.79,4,354.6,3.89,8.7,1.79,4,-0.17,-0.38,28,82.4,2546.7,29.23,183,27.3,81.14,2563.68,29.89,189,28,82.4,38.84788250000001,-90.45752734374997,-3.7,0.3
2023-07-30T10:34:29.000Z,27.7,81.86,67,100.33,2.49,5,0,0,0,1.78,3.98,359.3,3.99,8.93,1.78,3.98,-0.02,-0.04,28.2,82.76,2546.83,29.23,182,27.3,81.14,2564.21,29.91,188,28,82.4,38.84788250000001,-90.45752734374997,-3.5,0.4
2023-07-30T10:49:29.000Z,27.8,82.04,71,100.33,2.67,5,0,0,0,1.8,4.03,13.1,3.39,7.58,1.76,3.94,0.41,0.92,28.4,83.12,2546.24,29.21,182,27.4,81.32,2562.03,29.82,189,28,82.4,38.84788250000001,-90.45752734374997,-3.7,0.4
2023-07-30T11:04:29.000Z,28.1,82.58,65,100.33,2.46,5,0,0,0,1.43,3.2,321.6,3.58,8.01,1.12,2.51,-0.89,-1.99,28.8,83.84,2545.51,29.18,182,27.5,81.5,2561.67,29.81,189,27.9,82.22,38.84788250000001,-90.45752734374997,-3.7,0.3
2023-07-30T11:19:29.000Z,28.3,82.94,66,100.31,2.56,5,0,0,0,1.69,3.78,342.2,3.19,7.14,1.61,3.6,-0.52,-1.16,29,84.2,2545.09,29.16,182,27.6,81.68,2561.1,29.79,188,27.9,82.22,38.84788250000001,-90.45752734374997,-3.6,0.2
2023-07-30T11:25:51.801Z,27.94,82.3,73,100.02,2.64,5,0.73,0.18,0.01,1.68,3.77,227.65,3.43,7.67,0.07,0.16,-0.67,-1.49,28.13,82.63,2378.7,22.71,132.04,30.67,87.2,2354.38,21.77,106.86,29.31,84.76,38.84785400259082,-90.45753139167729,-3.66,0.29
2023-07-30T11:34:29.000Z,28.5,83.3,66,100.31,2.57,5,0,0,0,1.55,3.47,345.9,2.99,6.69,1.5,3.36,-0.38,-0.85,29,84.2,2544.73,29.15,182,27.7,81.86,2562.36,29.83,189,27.9,82.22,38.84788250000001,-90.45752734374997,-3.8,0.4
2023-07-30T11:49:29.000Z,28.3,82.94,68,100.3,2.62,5,0,0,0,1.9,4.25,335.6,3.42,7.65,1.73,3.87,-0.79,-1.77,29.2,84.56,2542.88,29.08,183,27.9,82.22,2561.47,29.8,188,27.9,82.22,38.84788250000001,-90.45752734374997,-3.6,0.3
2023-07-30T12:04:29.000Z,28.5,83.3,62,100.3,2.43,5,0,0,0,1.86,4.16,347.5,3.76,8.41,1.82,4.07,-0.4,-0.89,29.1,84.38,2543.26,29.09,181,28,82.4,2560.75,29.77,188,27.9,82.22,38.84788250000001,-90.45752734374997,-3.7,0.4
2023-07-30T12:19:29.000Z,28.7,83.66,61,100.28,2.41,5,0,0,0,1.67,3.74,33.5,3.5,7.83,1.39,3.11,0.92,2.06,29.5,85.1,2543.51,29.1,183,28.1,82.58,2559.7,29.73,188,27.8,82.04,38.84788250000001,-90.45752734374997,-3.5,0.4
2023-07-30T12:34:29.000Z,28.7,83.66,63,100.3,2.47,5,0,0,0,1.92,4.29,15.2,4.21,9.42,1.86,4.16,0.5,1.12,29.4,84.92,2542.64,29.07,182,28.3,82.94,2559.76,29.73,188,27.8,82.04,38.84788250000001,-90.45752734374997,-3.7,0.2
2023-07-30T12:49:29.000Z,29.5,85.1,61,100.28,2.52,5,0,0,0,1.21,2.71,328.5,3.02,6.76,1.03,2.3,-0.63,-1.41,29.9,85.82,2541.93,29.04,183,28.4,83.12,2559.88,29.74,188,27.8,82.04,38.84788250000001,-90.45752734374997,-3.7,0.4
2023-07-30T13:04:29.000Z,30,86,61,100.26,2.57,5,0,0,0,1.41,3.15,0,2.9,6.49,1.41,3.15,0,0,30,86,2541.41,29.02,183,28.6,83.48,2559.75,29.73,188,27.8,82.04,38.84788250000001,-90.45752734374997,-3.5,0.4
2023-07-30T13:19:29.000Z,29.6,85.28,64,100.26,2.65,5,0,0,0,1.55,3.47,356.2,3.14,7.02,1.55,3.47,-0.1,-0.22,30.3,86.54,2540.19,28.97,182,28.7,83.66,2558.47,29.68,188,27.8,82.04,38.84788250000001,-90.45752734374997,-3.6,0.2
2023-07-30T13:34:29.000Z,29.7,85.46,54,100.24,2.24,5,0,0,0,1.83,4.09,8.6,3.41,7.63,1.81,4.05,0.27,0.6,30.3,86.54,2539.86,28.96,184,28.9,84.02,2557.83,29.66,188,27.8,82.04,38.84788250000001,-90.45752734374997,-3.4,0.4